id_entidade,entidade
1,Entidade 001
2,Entidade 002
3,Entidade 003
4,Entidade 004
5,Entidade 005
6,Entidade 006
7,Entidade 007
8,Entidade 008
9,Entidade 009
10,Entidade 010
11,Entidade 011
12,Entidade 012
13,Entidade 013
14,Entidade 014
15,Entidade 015
16,Entidade 016
17,Entidade 017
18,Entidade 018
19,Entidade 019
20,Entidade 020
21,Entidade 021
22,Entidade 022
23,Entidade 023
24,Entidade 024
25,Entidade 025
26,Entidade 026
27,Entidade 027
28,Entidade 028
29,Entidade 029
30,Entidade 030
31,Entidade 031
32,Entidade 032
33,Entidade 033
34,Entidade 034
35,Entidade 035
36,Entidade 036
37,Entidade 037
38,Entidade 038
39,Entidade 039
40,Entidade 040
41,Entidade 041
42,Entidade 042
43,Entidade 043
44,Entidade 044
45,Entidade 045
46,Entidade 046
47,Entidade 047
48,Entidade 048
49,Entidade 049
50,Entidade 050
51,Entidade 051
52,Entidade 052
53,Entidade 053
54,Entidade 054
55,Entidade 055
56,Entidade 056
57,Entidade 057
58,Entidade 058
59,Entidade 059
60,Entidade 060
61,Entidade 061
62,Entidade 062
63,Entidade 063
64,Entidade 064
65,Entidade 065
66,Entidade 066
67,Entidade 067
68,Entidade 068
69,Entidade 069
70,Entidade 070
71,Entidade 071
72,Entidade 072
73,Entidade 073
74,Entidade 074
75,Entidade 075
76,Entidade 076
77,Entidade 077
78,Entidade 078
79,Entidade 079
80,Entidade 080
81,Entidade 081
82,Entidade 082
83,Entidade 083
84,Entidade 084
85,Entidade 085
